vc_output,descricao
tempo manhã veículos passadeira pedestres clima nevoeiro,"Em manhã, nevoeiro, os veículos trafegam enquanto os pedestres atravessam a passadeira."
tempo noite clima ventoso passadeira carros sinais pedestres,"Em noite, ventoso, os veículos trafegam enquanto os pedestres atravessam a passadeira sob a orientação dos sinais de trânsito."
pedestres clima ensolarado veículos tempo manhã,"Em manhã, ensolarado, os veículos trafegam enquanto os pedestres caminham pela rua."
tempo manhã pedestres sinais de transito clima ensolarado passadeira,"Em manhã, ensolarado, enquanto os pedestres atravessam a passadeira sob a orientação dos sinais de trânsito."
tempo noite clima nevoeiro peoes,"Em noite, nevoeiro, enquanto os pedestres caminham pela rua."
pedestres passadeira tempo tarde clima ventoso carros,"Em tarde, ventoso, os veículos trafegam enquanto os pedestres atravessam a passadeira."
veículos tempo manhã peoes sinais passadeira clima ventoso,"Em manhã, ventoso, os veículos trafegam enquanto os pedestres atravessam a passadeira sob a orientação dos sinais de trânsito."
carros tempo manhã clima ventoso,"Em manhã, ventoso, os veículos trafegam."
carros sinais tempo noite pedestres clima nublado,"Em noite, nublado, os veículos trafegam enquanto os pedestres caminham pela rua sob a orientação dos sinais de trânsito."
carros passadeira pedestres sinais tempo tarde clima ventoso,"Em tarde, ventoso, os veículos trafegam enquanto os pedestres atravessam a passadeira sob a orientação dos sinais de trânsito."
clima ensolarado carros sinais de transito tempo manhã peoes,"Em manhã, ensolarado, os veículos trafegam enquanto os pedestres caminham pela rua sob a orientação dos sinais de trânsito."
tempo manhã veículos clima ensolarado peoes passadeira,"Em manhã, ensolarado, os veículos trafegam enquanto os pedestres atravessam a passadeira."
pedestres clima ensolarado veículos tempo noite passadeira,"Em noite, ensolarado, os veículos trafegam enquanto os pedestres atravessam a passadeira."
sinais de transito pedestres clima ensolarado tempo manhã,"Em manhã, ensolarado, enquanto os pedestres caminham pela rua sob a orientação dos sinais de trânsito."
carros clima nevoeiro tempo manhã passadeira,"Em manhã, nevoeiro, os veículos trafegam a passadeira é utilizada."
tempo noite clima nevoeiro sinais veículos,"Em noite, nevoeiro, os veículos trafegam sob a orientação dos sinais de trânsito."
clima ensolarado tempo dia veículos sinais passadeira pedestres,"Em dia, ensolarado, os veículos trafegam enquanto os pedestres atravessam a passadeira sob a orientação dos sinais de trânsito."
clima ventoso pedestres veículos tempo tarde,"Em tarde, ventoso, os veículos trafegam enquanto os pedestres caminham pela rua."
passadeira peoes clima ventoso sinais tempo noite veículos,"Em noite, ventoso, os veículos trafegam enquanto os pedestres atravessam a passadeira sob a orientação dos sinais de trânsito."
pedestres carros tempo manhã clima chuvoso,"Em manhã, chuvoso, os veículos trafegam enquanto os pedestres caminham pela rua."
carros peoes clima nevoeiro tempo noite passadeira,"Em noite, nevoeiro, os veículos trafegam enquanto os pedestres atravessam a passadeira."
carros sinais clima chuvoso passadeira peoes tempo manhã,"Em manhã, chuvoso, os veículos trafegam enquanto os pedestres atravessam a passadeira sob a orientação dos sinais de trânsito."
peoes tempo manhã clima chuvoso,"Em manhã, chuvoso, enquanto os pedestres caminham pela rua."
passadeira pedestres tempo tarde clima ensolarado veículos,"Em tarde, ensolarado, os veículos trafegam enquanto os pedestres atravessam a passadeira."
tempo dia peoes clima nublado carros,"Em dia, nublado, os veículos trafegam enquanto os pedestres caminham pela rua."
tempo manhã clima nevoeiro,"Em manhã, nevoeiro,."
tempo dia pedestres sinais carros clima chuvoso,"Em dia, chuvoso, os veículos trafegam enquanto os pedestres caminham pela rua sob a orientação dos sinais de trânsito."
sinais passadeira peoes clima nublado tempo dia veículos,"Em dia, nublado, os veículos trafegam enquanto os pedestres atravessam a passadeira sob a orientação dos sinais de trânsito."
pedestres clima ventoso passadeira tempo noite,"Em noite, ventoso, enquanto os pedestres atravessam a passadeira."
passadeira clima ensolarado sinais de transito peoes carros tempo tarde,"Em tarde, ensolarado, os veículos trafegam enquanto os pedestres atravessam a passadeira sob a orientação dos sinais de trânsito."
tempo dia passadeira carros clima chuvoso pedestres,"Em dia, chuvoso, os veículos trafegam enquanto os pedestres atravessam a passadeira."
clima nublado tempo manhã peoes carros passadeira,"Em manhã, nublado, os veículos trafegam enquanto os pedestres atravessam a passadeira."
tempo dia clima chuvoso carros passadeira pedestres,"Em dia, chuvoso, os veículos trafegam enquanto os pedestres atravessam a passadeira."
carros pedestres tempo manhã clima ensolarado,"Em manhã, ensolarado, os veículos trafegam enquanto os pedestres caminham pela rua."
tempo dia passadeira pedestres clima nevoeiro,"Em dia, nevoeiro, enquanto os pedestres atravessam a passadeira."
sinais de transito passadeira pedestres clima chuvoso tempo tarde,"Em tarde, chuvoso, enquanto os pedestres atravessam a passadeira sob a orientação dos sinais de trânsito."
clima nevoeiro carros passadeira tempo tarde,"Em tarde, nevoeiro, os veículos trafegam a passadeira é utilizada."
tempo manhã clima nevoeiro pedestres,"Em manhã, nevoeiro, enquanto os pedestres caminham pela rua."
peoes passadeira carros clima chuvoso tempo dia,"Em dia, chuvoso, os veículos trafegam enquanto os pedestres atravessam a passadeira."
tempo noite passadeira sinais de transito clima ventoso pedestres veículos,"Em noite, ventoso, os veículos trafegam enquanto os pedestres atravessam a passadeira sob a orientação dos sinais de trânsito."
tempo dia clima nevoeiro sinais de transito passadeira veículos,"Em dia, nevoeiro, os veículos trafegam a passadeira é utilizada sob a orientação dos sinais de trânsito."
carros tempo noite passadeira sinais de transito clima chuvoso,"Em noite, chuvoso, os veículos trafegam a passadeira é utilizada sob a orientação dos sinais de trânsito."
sinais de transito clima nevoeiro pedestres passadeira tempo dia veículos,"Em dia, nevoeiro, os veículos trafegam enquanto os pedestres atravessam a passadeira sob a orientação dos sinais de trânsito."
tempo dia clima ventoso,"Em dia, ventoso,."
clima ensolarado peoes passadeira tempo manhã,"Em manhã, ensolarado, enquanto os pedestres atravessam a passadeira."
veículos tempo noite clima nevoeiro passadeira pedestres sinais,"Em noite, nevoeiro, os veículos trafegam enquanto os pedestres atravessam a passadeira sob a orientação dos sinais de trânsito."
clima nevoeiro carros tempo noite pedestres sinais,"Em noite, nevoeiro, os veículos trafegam enquanto os pedestres caminham pela rua sob a orientação dos sinais de trânsito."
sinais de transito peoes carros tempo tarde clima nevoeiro,"Em tarde, nevoeiro, os veículos trafegam enquanto os pedestres caminham pela rua sob a orientação dos sinais de trânsito."
clima ventoso tempo noite carros pedestres passadeira sinais,"Em noite, ventoso, os veículos trafegam enquanto os pedestres atravessam a passadeira sob a orientação dos sinais de trânsito."
tempo manhã veículos clima nevoeiro peoes sinais de transito passadeira,"Em manhã, nevoeiro, os veículos trafegam enquanto os pedestres atravessam a passadeira sob a orientação dos sinais de trânsito."
clima ensolarado tempo manhã veículos sinais pedestres passadeira,"Em manhã, ensolarado, os veículos trafegam enquanto os pedestres atravessam a passadeira sob a orientação dos sinais de trânsito."
carros clima ventoso tempo dia sinais de transito,"Em dia, ventoso, os veículos trafegam sob a orientação dos sinais de trânsito."
passadeira tempo tarde pedestres veículos sinais clima nublado,"Em tarde, nublado, os veículos trafegam enquanto os pedestres atravessam a passadeira sob a orientação dos sinais de trânsito."
passadeira pedestres veículos clima ventoso tempo dia,"Em dia, ventoso, os veículos trafegam enquanto os pedestres atravessam a passadeira."
clima nevoeiro pedestres tempo manhã passadeira,"Em manhã, nevoeiro, enquanto os pedestres atravessam a passadeira."
veículos passadeira tempo dia pedestres clima ventoso,"Em dia, ventoso, os veículos trafegam enquanto os pedestres atravessam a passadeira."
carros tempo tarde clima ensolarado passadeira peoes,"Em tarde, ensolarado, os veículos trafegam enquanto os pedestres atravessam a passadeira."
peoes clima nublado tempo manhã passadeira veículos,"Em manhã, nublado, os veículos trafegam enquanto os pedestres atravessam a passadeira."
pedestres sinais tempo dia clima ensolarado veículos passadeira,"Em dia, ensolarado, os veículos trafegam enquanto os pedestres atravessam a passadeira sob a orientação dos sinais de trânsito."
clima chuvoso passadeira sinais de transito tempo dia pedestres,"Em dia, chuvoso, enquanto os pedestres atravessam a passadeira sob a orientação dos sinais de trânsito."
veículos tempo noite peoes passadeira clima ensolarado,"Em noite, ensolarado, os veículos trafegam enquanto os pedestres atravessam a passadeira."
tempo tarde clima ensolarado carros sinais de transito,"Em tarde, ensolarado, os veículos trafegam sob a orientação dos sinais de trânsito."
carros tempo noite clima chuvoso sinais,"Em noite, chuvoso, os veículos trafegam sob a orientação dos sinais de trânsito."
veículos passadeira clima chuvoso tempo manhã sinais,"Em manhã, chuvoso, os veículos trafegam a passadeira é utilizada sob a orientação dos sinais de trânsito."
veículos passadeira clima nevoeiro peoes tempo noite,"Em noite, nevoeiro, os veículos trafegam enquanto os pedestres atravessam a passadeira."
sinais de transito tempo noite clima nublado veículos,"Em noite, nublado, os veículos trafegam sob a orientação dos sinais de trânsito."
tempo manhã pedestres clima ensolarado passadeira carros,"Em manhã, ensolarado, os veículos trafegam enquanto os pedestres atravessam a passadeira."
veículos clima nevoeiro tempo manhã pedestres passadeira,"Em manhã, nevoeiro, os veículos trafegam enquanto os pedestres atravessam a passadeira."
tempo dia clima chuvoso carros pedestres passadeira,"Em dia, chuvoso, os veículos trafegam enquanto os pedestres atravessam a passadeira."
tempo tarde passadeira clima nublado carros peoes,"Em tarde, nublado, os veículos trafegam enquanto os pedestres atravessam a passadeira."
clima ensolarado tempo manhã passadeira,"Em manhã, ensolarado, a passadeira é utilizada."
tempo dia clima ventoso passadeira veículos sinais de transito,"Em dia, ventoso, os veículos trafegam a passadeira é utilizada sob a orientação dos sinais de trânsito."
peoes passadeira veículos clima ventoso sinais tempo dia,"Em dia, ventoso, os veículos trafegam enquanto os pedestres atravessam a passadeira sob a orientação dos sinais de trânsito."
clima chuvoso tempo tarde passadeira carros,"Em tarde, chuvoso, os veículos trafegam a passadeira é utilizada."
passadeira sinais clima ventoso tempo noite veículos,"Em noite, ventoso, os veículos trafegam a passadeira é utilizada sob a orientação dos sinais de trânsito."
passadeira tempo tarde carros sinais de transito peoes clima nublado,"Em tarde, nublado, os veículos trafegam enquanto os pedestres atravessam a passadeira sob a orientação dos sinais de trânsito."
tempo dia pedestres sinais clima nevoeiro veículos,"Em dia, nevoeiro, os veículos trafegam enquanto os pedestres caminham pela rua sob a orientação dos sinais de trânsito."
carros tempo tarde peoes clima nublado passadeira,"Em tarde, nublado, os veículos trafegam enquanto os pedestres atravessam a passadeira."
sinais tempo manhã pedestres clima nevoeiro,"Em manhã, nevoeiro, enquanto os pedestres caminham pela rua sob a orientação dos sinais de trânsito."
clima nevoeiro peoes passadeira tempo noite carros,"Em noite, nevoeiro, os veículos trafegam enquanto os pedestres atravessam a passadeira."
tempo dia veículos sinais passadeira clima chuvoso,"Em dia, chuvoso, os veículos trafegam a passadeira é utilizada sob a orientação dos sinais de trânsito."
tempo dia clima nublado carros passadeira,"Em dia, nublado, os veículos trafegam a passadeira é utilizada."
tempo noite clima nevoeiro veículos,"Em noite, nevoeiro, os veículos trafegam."
sinais de transito tempo tarde carros clima ventoso pedestres,"Em tarde, ventoso, os veículos trafegam enquanto os pedestres caminham pela rua sob a orientação dos sinais de trânsito."
clima ensolarado peoes tempo noite sinais de transito passadeira carros,"Em noite, ensolarado, os veículos trafegam enquanto os pedestres atravessam a passadeira sob a orientação dos sinais de trânsito."
clima ensolarado tempo dia passadeira peoes,"Em dia, ensolarado, enquanto os pedestres atravessam a passadeira."
passadeira pedestres sinais tempo manhã clima ensolarado,"Em manhã, ensolarado, enquanto os pedestres atravessam a passadeira sob a orientação dos sinais de trânsito."
tempo dia sinais de transito clima ventoso peoes,"Em dia, ventoso, enquanto os pedestres caminham pela rua sob a orientação dos sinais de trânsito."
clima ensolarado tempo tarde sinais peoes,"Em tarde, ensolarado, enquanto os pedestres caminham pela rua sob a orientação dos sinais de trânsito."
tempo tarde clima nublado carros peoes,"Em tarde, nublado, os veículos trafegam enquanto os pedestres caminham pela rua."
passadeira clima ventoso peoes tempo dia,"Em dia, ventoso, enquanto os pedestres atravessam a passadeira."
passadeira sinais tempo tarde clima nevoeiro,"Em tarde, nevoeiro, a passadeira é utilizada sob a orientação dos sinais de trânsito."
passadeira carros clima chuvoso tempo manhã,"Em manhã, chuvoso, os veículos trafegam a passadeira é utilizada."
clima nublado passadeira veículos pedestres tempo noite,"Em noite, nublado, os veículos trafegam enquanto os pedestres atravessam a passadeira."
veículos passadeira tempo tarde peoes clima ventoso,"Em tarde, ventoso, os veículos trafegam enquanto os pedestres atravessam a passadeira."
clima chuvoso tempo dia carros sinais de transito,"Em dia, chuvoso, os veículos trafegam sob a orientação dos sinais de trânsito."
passadeira clima chuvoso tempo noite carros,"Em noite, chuvoso, os veículos trafegam a passadeira é utilizada."
veículos tempo tarde clima chuvoso peoes sinais,"Em tarde, chuvoso, os veículos trafegam enquanto os pedestres caminham pela rua sob a orientação dos sinais de trânsito."
carros tempo tarde clima nublado passadeira,"Em tarde, nublado, os veículos trafegam a passadeira é utilizada."
sinais veículos passadeira tempo tarde clima nublado,"Em tarde, nublado, os veículos trafegam a passadeira é utilizada sob a orientação dos sinais de trânsito."
pedestres clima ensolarado tempo noite sinais de transito,"Em noite, ensolarado, enquanto os pedestres caminham pela rua sob a orientação dos sinais de trânsito."
passadeira tempo dia pedestres veículos clima nevoeiro,"Em dia, nevoeiro, os veículos trafegam enquanto os pedestres atravessam a passadeira."
sinais de transito pedestres tempo tarde carros clima nublado,"Em tarde, nublado, os veículos trafegam enquanto os pedestres caminham pela rua sob a orientação dos sinais de trânsito."
tempo noite carros clima nevoeiro peoes sinais,"Em noite, nevoeiro, os veículos trafegam enquanto os pedestres caminham pela rua sob a orientação dos sinais de trânsito."
sinais pedestres carros clima chuvoso passadeira tempo dia,"Em dia, chuvoso, os veículos trafegam enquanto os pedestres atravessam a passadeira sob a orientação dos sinais de trânsito."
sinais tempo tarde clima nevoeiro pedestres carros,"Em tarde, nevoeiro, os veículos trafegam enquanto os pedestres caminham pela rua sob a orientação dos sinais de trânsito."
carros clima chuvoso tempo noite pedestres,"Em noite, chuvoso, os veículos trafegam enquanto os pedestres caminham pela rua."
clima nublado carros pedestres tempo noite passadeira,"Em noite, nublado, os veículos trafegam enquanto os pedestres atravessam a passadeira."
veículos clima ventoso peoes tempo noite passadeira,"Em noite, ventoso, os veículos trafegam enquanto os pedestres atravessam a passadeira."
passadeira tempo manhã clima ensolarado pedestres,"Em manhã, ensolarado, enquanto os pedestres atravessam a passadeira."
peoes clima nevoeiro tempo manhã passadeira carros sinais de transito,"Em manhã, nevoeiro, os veículos trafegam enquanto os pedestres atravessam a passadeira sob a orientação dos sinais de trânsito."
tempo noite clima nevoeiro passadeira peoes carros,"Em noite, nevoeiro, os veículos trafegam enquanto os pedestres atravessam a passadeira."
carros pedestres clima nublado tempo dia,"Em dia, nublado, os veículos trafegam enquanto os pedestres caminham pela rua."
clima chuvoso tempo noite pedestres carros passadeira,"Em noite, chuvoso, os veículos trafegam enquanto os pedestres atravessam a passadeira."
carros clima ventoso tempo dia sinais de transito passadeira,"Em dia, ventoso, os veículos trafegam a passadeira é utilizada sob a orientação dos sinais de trânsito."
clima ensolarado veículos tempo dia sinais de transito pedestres,"Em dia, ensolarado, os veículos trafegam enquanto os pedestres caminham pela rua sob a orientação dos sinais de trânsito."
tempo tarde peoes carros clima nevoeiro,"Em tarde, nevoeiro, os veículos trafegam enquanto os pedestres caminham pela rua."
clima chuvoso pedestres tempo manhã veículos,"Em manhã, chuvoso, os veículos trafegam enquanto os pedestres caminham pela rua."
clima chuvoso tempo manhã sinais de transito passadeira peoes,"Em manhã, chuvoso, enquanto os pedestres atravessam a passadeira sob a orientação dos sinais de trânsito."
sinais de transito peoes clima ventoso passadeira tempo noite veículos,"Em noite, ventoso, os veículos trafegam enquanto os pedestres atravessam a passadeira sob a orientação dos sinais de trânsito."
tempo manhã carros passadeira clima chuvoso sinais de transito pedestres,"Em manhã, chuvoso, os veículos trafegam enquanto os pedestres atravessam a passadeira sob a orientação dos sinais de trânsito."
tempo tarde clima nevoeiro pedestres sinais,"Em tarde, nevoeiro, enquanto os pedestres caminham pela rua sob a orientação dos sinais de trânsito."
clima chuvoso sinais passadeira pedestres tempo noite carros,"Em noite, chuvoso, os veículos trafegam enquanto os pedestres atravessam a passadeira sob a orientação dos sinais de trânsito."
tempo dia carros clima chuvoso,"Em dia, chuvoso, os veículos trafegam."
passadeira pedestres tempo noite clima chuvoso,"Em noite, chuvoso, enquanto os pedestres atravessam a passadeira."
tempo tarde sinais de transito clima chuvoso,"Em tarde, chuvoso, sob a orientação dos sinais de trânsito."
clima chuvoso peoes passadeira carros tempo dia,"Em dia, chuvoso, os veículos trafegam enquanto os pedestres atravessam a passadeira."
clima nevoeiro passadeira pedestres tempo tarde,"Em tarde, nevoeiro, enquanto os pedestres atravessam a passadeira."
pedestres sinais de transito clima ventoso veículos tempo tarde,"Em tarde, ventoso, os veículos trafegam enquanto os pedestres caminham pela rua sob a orientação dos sinais de trânsito."
clima ventoso pedestres carros tempo noite,"Em noite, ventoso, os veículos trafegam enquanto os pedestres caminham pela rua."
veículos clima nublado tempo noite,"Em noite, nublado, os veículos trafegam."
tempo tarde pedestres clima ventoso passadeira,"Em tarde, ventoso, enquanto os pedestres atravessam a passadeira."
passadeira veículos sinais de transito tempo dia clima chuvoso,"Em dia, chuvoso, os veículos trafegam a passadeira é utilizada sob a orientação dos sinais de trânsito."
tempo manhã sinais de transito clima chuvoso carros peoes,"Em manhã, chuvoso, os veículos trafegam enquanto os pedestres caminham pela rua sob a orientação dos sinais de trânsito."
clima chuvoso carros sinais tempo tarde,"Em tarde, chuvoso, os veículos trafegam sob a orientação dos sinais de trânsito."
clima ventoso veículos tempo manhã,"Em manhã, ventoso, os veículos trafegam."
clima chuvoso sinais de transito passadeira tempo manhã veículos,"Em manhã, chuvoso, os veículos trafegam a passadeira é utilizada sob a orientação dos sinais de trânsito."
tempo noite carros passadeira peoes clima ventoso,"Em noite, ventoso, os veículos trafegam enquanto os pedestres atravessam a passadeira."
pedestres passadeira clima chuvoso carros tempo noite,"Em noite, chuvoso, os veículos trafegam enquanto os pedestres atravessam a passadeira."
veículos clima nevoeiro pedestres tempo noite sinais,"Em noite, nevoeiro, os veículos trafegam enquanto os pedestres caminham pela rua sob a orientação dos sinais de trânsito."
clima nublado carros tempo noite peoes passadeira,"Em noite, nublado, os veículos trafegam enquanto os pedestres atravessam a passadeira."
sinais de transito tempo noite veículos clima chuvoso pedestres,"Em noite, chuvoso, os veículos trafegam enquanto os pedestres caminham pela rua sob a orientação dos sinais de trânsito."
clima chuvoso carros tempo noite,"Em noite, chuvoso, os veículos trafegam."
passadeira clima nevoeiro tempo tarde carros sinais,"Em tarde, nevoeiro, os veículos trafegam a passadeira é utilizada sob a orientação dos sinais de trânsito."
tempo manhã sinais carros pedestres passadeira clima nublado,"Em manhã, nublado, os veículos trafegam enquanto os pedestres atravessam a passadeira sob a orientação dos sinais de trânsito."
passadeira veículos tempo manhã sinais de transito clima nublado,"Em manhã, nublado, os veículos trafegam a passadeira é utilizada sob a orientação dos sinais de trânsito."
carros pedestres clima nublado tempo manhã,"Em manhã, nublado, os veículos trafegam enquanto os pedestres caminham pela rua."
clima nevoeiro sinais pedestres tempo dia,"Em dia, nevoeiro, enquanto os pedestres caminham pela rua sob a orientação dos sinais de trânsito."
tempo dia clima nevoeiro pedestres veículos,"Em dia, nevoeiro, os veículos trafegam enquanto os pedestres caminham pela rua."
peoes veículos clima ventoso tempo dia passadeira,"Em dia, ventoso, os veículos trafegam enquanto os pedestres atravessam a passadeira."
peoes tempo dia carros passadeira clima ventoso sinais de transito,"Em dia, ventoso, os veículos trafegam enquanto os pedestres atravessam a passadeira sob a orientação dos sinais de trânsito."
clima nublado carros tempo manhã passadeira,"Em manhã, nublado, os veículos trafegam a passadeira é utilizada."
clima chuvoso peoes sinais tempo tarde veículos,"Em tarde, chuvoso, os veículos trafegam enquanto os pedestres caminham pela rua sob a orientação dos sinais de trânsito."
clima nevoeiro sinais de transito passadeira tempo noite,"Em noite, nevoeiro, a passadeira é utilizada sob a orientação dos sinais de trânsito."
tempo dia veículos pedestres clima nublado,"Em dia, nublado, os veículos trafegam enquanto os pedestres caminham pela rua."
veículos tempo dia passadeira pedestres clima chuvoso,"Em dia, chuvoso, os veículos trafegam enquanto os pedestres atravessam a passadeira."
clima ventoso tempo tarde passadeira pedestres sinais de transito veículos,"Em tarde, ventoso, os veículos trafegam enquanto os pedestres atravessam a passadeira sob a orientação dos sinais de trânsito."
clima nublado pedestres tempo tarde sinais de transito carros,"Em tarde, nublado, os veículos trafegam enquanto os pedestres caminham pela rua sob a orientação dos sinais de trânsito."
carros tempo manhã peoes passadeira clima nublado,"Em manhã, nublado, os veículos trafegam enquanto os pedestres atravessam a passadeira."
tempo manhã sinais de transito pedestres clima ventoso carros,"Em manhã, ventoso, os veículos trafegam enquanto os pedestres caminham pela rua sob a orientação dos sinais de trânsito."
passadeira clima ensolarado tempo dia peoes carros,"Em dia, ensolarado, os veículos trafegam enquanto os pedestres atravessam a passadeira."
sinais de transito clima nublado veículos passadeira tempo noite,"Em noite, nublado, os veículos trafegam a passadeira é utilizada sob a orientação dos sinais de trânsito."
pedestres carros clima nevoeiro tempo dia passadeira,"Em dia, nevoeiro, os veículos trafegam enquanto os pedestres atravessam a passadeira."
veículos clima ventoso pedestres tempo tarde,"Em tarde, ventoso, os veículos trafegam enquanto os pedestres caminham pela rua."
passadeira clima ensolarado carros tempo noite,"Em noite, ensolarado, os veículos trafegam a passadeira é utilizada."
peoes sinais passadeira clima nublado tempo noite,"Em noite, nublado, enquanto os pedestres atravessam a passadeira sob a orientação dos sinais de trânsito."
clima ensolarado peoes tempo manhã passadeira,"Em manhã, ensolarado, enquanto os pedestres atravessam a passadeira."
pedestres tempo noite veículos clima nevoeiro sinais de transito,"Em noite, nevoeiro, os veículos trafegam enquanto os pedestres caminham pela rua sob a orientação dos sinais de trânsito."
peoes carros clima nublado tempo manhã,"Em manhã, nublado, os veículos trafegam enquanto os pedestres caminham pela rua."
pedestres sinais passadeira carros tempo dia clima nublado,"Em dia, nublado, os veículos trafegam enquanto os pedestres atravessam a passadeira sob a orientação dos sinais de trânsito."
sinais tempo tarde pedestres clima nublado carros,"Em tarde, nublado, os veículos trafegam enquanto os pedestres caminham pela rua sob a orientação dos sinais de trânsito."
passadeira pedestres veículos tempo manhã clima nublado,"Em manhã, nublado, os veículos trafegam enquanto os pedestres atravessam a passadeira."
pedestres tempo noite clima ventoso,"Em noite, ventoso, enquanto os pedestres caminham pela rua."
tempo dia clima ventoso carros pedestres,"Em dia, ventoso, os veículos trafegam enquanto os pedestres caminham pela rua."
peoes tempo noite clima nevoeiro sinais veículos,"Em noite, nevoeiro, os veículos trafegam enquanto os pedestres caminham pela rua sob a orientação dos sinais de trânsito."
sinais veículos clima chuvoso tempo tarde peoes,"Em tarde, chuvoso, os veículos trafegam enquanto os pedestres caminham pela rua sob a orientação dos sinais de trânsito."
tempo noite sinais veículos clima nevoeiro,"Em noite, nevoeiro, os veículos trafegam sob a orientação dos sinais de trânsito."
sinais passadeira tempo dia carros clima nublado,"Em dia, nublado, os veículos trafegam a passadeira é utilizada sob a orientação dos sinais de trânsito."
tempo dia pedestres clima ensolarado veículos,"Em dia, ensolarado, os veículos trafegam enquanto os pedestres caminham pela rua."
clima chuvoso veículos peoes tempo tarde passadeira,"Em tarde, chuvoso, os veículos trafegam enquanto os pedestres atravessam a passadeira."
pedestres carros clima ensolarado tempo manhã,"Em manhã, ensolarado, os veículos trafegam enquanto os pedestres caminham pela rua."
tempo dia carros clima nublado pedestres,"Em dia, nublado, os veículos trafegam enquanto os pedestres caminham pela rua."
pedestres clima nevoeiro tempo dia veículos passadeira,"Em dia, nevoeiro, os veículos trafegam enquanto os pedestres atravessam a passadeira."
clima ventoso pedestres carros sinais passadeira tempo tarde,"Em tarde, ventoso, os veículos trafegam enquanto os pedestres atravessam a passadeira sob a orientação dos sinais de trânsito."
veículos clima nublado tempo manhã pedestres,"Em manhã, nublado, os veículos trafegam enquanto os pedestres caminham pela rua."
carros tempo noite peoes clima nevoeiro passadeira,"Em noite, nevoeiro, os veículos trafegam enquanto os pedestres atravessam a passadeira."
tempo tarde pedestres clima ventoso,"Em tarde, ventoso, enquanto os pedestres caminham pela rua."
peoes veículos clima ventoso tempo manhã,"Em manhã, ventoso, os veículos trafegam enquanto os pedestres caminham pela rua."
sinais passadeira carros clima chuvoso pedestres tempo manhã,"Em manhã, chuvoso, os veículos trafegam enquanto os pedestres atravessam a passadeira sob a orientação dos sinais de trânsito."
tempo manhã passadeira sinais veículos clima nevoeiro,"Em manhã, nevoeiro, os veículos trafegam a passadeira é utilizada sob a orientação dos sinais de trânsito."
passadeira tempo dia sinais de transito pedestres clima ventoso,"Em dia, ventoso, enquanto os pedestres atravessam a passadeira sob a orientação dos sinais de trânsito."
clima ventoso passadeira peoes carros sinais tempo noite,"Em noite, ventoso, os veículos trafegam enquanto os pedestres atravessam a passadeira sob a orientação dos sinais de trânsito."
clima ventoso sinais peoes passadeira tempo tarde,"Em tarde, ventoso, enquanto os pedestres atravessam a passadeira sob a orientação dos sinais de trânsito."
pedestres tempo tarde passadeira clima nublado,"Em tarde, nublado, enquanto os pedestres atravessam a passadeira."
pedestres clima chuvoso passadeira tempo dia sinais de transito veículos,"Em dia, chuvoso, os veículos trafegam enquanto os pedestres atravessam a passadeira sob a orientação dos sinais de trânsito."
passadeira sinais de transito tempo noite clima nevoeiro carros pedestres,"Em noite, nevoeiro, os veículos trafegam enquanto os pedestres atravessam a passadeira sob a orientação dos sinais de trânsito."
peoes clima nublado veículos tempo noite passadeira,"Em noite, nublado, os veículos trafegam enquanto os pedestres atravessam a passadeira."
tempo dia veículos clima ensolarado sinais,"Em dia, ensolarado, os veículos trafegam sob a orientação dos sinais de trânsito."
carros clima nevoeiro tempo dia passadeira,"Em dia, nevoeiro, os veículos trafegam a passadeira é utilizada."
carros tempo tarde clima chuvoso sinais de transito peoes,"Em tarde, chuvoso, os veículos trafegam enquanto os pedestres caminham pela rua sob a orientação dos sinais de trânsito."
veículos tempo tarde clima nublado peoes,"Em tarde, nublado, os veículos trafegam enquanto os pedestres caminham pela rua."
sinais de transito passadeira clima nevoeiro veículos tempo manhã,"Em manhã, nevoeiro, os veículos trafegam a passadeira é utilizada sob a orientação dos sinais de trânsito."
tempo manhã veículos clima nevoeiro,"Em manhã, nevoeiro, os veículos trafegam."
clima nevoeiro passadeira peoes carros tempo manhã,"Em manhã, nevoeiro, os veículos trafegam enquanto os pedestres atravessam a passadeira."
carros passadeira tempo tarde sinais clima ensolarado,"Em tarde, ensolarado, os veículos trafegam a passadeira é utilizada sob a orientação dos sinais de trânsito."
peoes passadeira tempo manhã clima nevoeiro veículos,"Em manhã, nevoeiro, os veículos trafegam enquanto os pedestres atravessam a passadeira."
tempo manhã carros sinais pedestres clima ensolarado,"Em manhã, ensolarado, os veículos trafegam enquanto os pedestres caminham pela rua sob a orientação dos sinais de trânsito."
clima ensolarado veículos peoes tempo dia passadeira,"Em dia, ensolarado, os veículos trafegam enquanto os pedestres atravessam a passadeira."
tempo noite clima nublado pedestres veículos sinais,"Em noite, nublado, os veículos trafegam enquanto os pedestres caminham pela rua sob a orientação dos sinais de trânsito."
carros sinais peoes tempo noite passadeira clima ventoso,"Em noite, ventoso, os veículos trafegam enquanto os pedestres atravessam a passadeira sob a orientação dos sinais de trânsito."
tempo manhã veículos clima ventoso sinais de transito passadeira,"Em manhã, ventoso, os veículos trafegam a passadeira é utilizada sob a orientação dos sinais de trânsito."
tempo dia passadeira clima nevoeiro,"Em dia, nevoeiro, a passadeira é utilizada."
clima ventoso tempo tarde carros,"Em tarde, ventoso, os veículos trafegam."
clima nevoeiro tempo tarde,"Em tarde, nevoeiro,."
carros peoes tempo manhã clima ensolarado,"Em manhã, ensolarado, os veículos trafegam enquanto os pedestres caminham pela rua."
clima ventoso veículos pedestres tempo noite,"Em noite, ventoso, os veículos trafegam enquanto os pedestres caminham pela rua."
peoes veículos sinais tempo dia clima ensolarado passadeira,"Em dia, ensolarado, os veículos trafegam enquanto os pedestres atravessam a passadeira sob a orientação dos sinais de trânsito."
sinais de transito tempo manhã clima nevoeiro pedestres passadeira,"Em manhã, nevoeiro, enquanto os pedestres atravessam a passadeira sob a orientação dos sinais de trânsito."
peoes veículos tempo tarde passadeira sinais clima nublado,"Em tarde, nublado, os veículos trafegam enquanto os pedestres atravessam a passadeira sob a orientação dos sinais de trânsito."
passadeira carros tempo dia pedestres clima nevoeiro,"Em dia, nevoeiro, os veículos trafegam enquanto os pedestres atravessam a passadeira."
clima ventoso tempo tarde carros,"Em tarde, ventoso, os veículos trafegam."
clima chuvoso carros passadeira pedestres sinais tempo tarde,"Em tarde, chuvoso, os veículos trafegam enquanto os pedestres atravessam a passadeira sob a orientação dos sinais de trânsito."
clima ventoso passadeira tempo noite pedestres,"Em noite, ventoso, enquanto os pedestres atravessam a passadeira."
clima nevoeiro tempo tarde veículos pedestres passadeira sinais de transito,"Em tarde, nevoeiro, os veículos trafegam enquanto os pedestres atravessam a passadeira sob a orientação dos sinais de trânsito."
pedestres veículos tempo noite clima ensolarado,"Em noite, ensolarado, os veículos trafegam enquanto os pedestres caminham pela rua."
peoes passadeira sinais de transito tempo tarde clima chuvoso,"Em tarde, chuvoso, enquanto os pedestres atravessam a passadeira sob a orientação dos sinais de trânsito."
peoes passadeira veículos sinais clima nublado tempo dia,"Em dia, nublado, os veículos trafegam enquanto os pedestres atravessam a passadeira sob a orientação dos sinais de trânsito."
sinais pedestres tempo dia clima nevoeiro,"Em dia, nevoeiro, enquanto os pedestres caminham pela rua sob a orientação dos sinais de trânsito."
veículos tempo tarde clima ventoso passadeira sinais de transito,"Em tarde, ventoso, os veículos trafegam a passadeira é utilizada sob a orientação dos sinais de trânsito."
sinais tempo manhã clima ventoso carros pedestres,"Em manhã, ventoso, os veículos trafegam enquanto os pedestres caminham pela rua sob a orientação dos sinais de trânsito."
clima nublado pedestres veículos passadeira tempo manhã,"Em manhã, nublado, os veículos trafegam enquanto os pedestres atravessam a passadeira."
passadeira veículos tempo noite peoes clima ensolarado,"Em noite, ensolarado, os veículos trafegam enquanto os pedestres atravessam a passadeira."
clima chuvoso sinais passadeira tempo dia carros pedestres,"Em dia, chuvoso, os veículos trafegam enquanto os pedestres atravessam a passadeira sob a orientação dos sinais de trânsito."
pedestres clima nevoeiro tempo dia passadeira veículos sinais,"Em dia, nevoeiro, os veículos trafegam enquanto os pedestres atravessam a passadeira sob a orientação dos sinais de trânsito."
pedestres clima nevoeiro sinais de transito carros tempo noite,"Em noite, nevoeiro, os veículos trafegam enquanto os pedestres caminham pela rua sob a orientação dos sinais de trânsito."
veículos clima ensolarado tempo tarde sinais de transito,"Em tarde, ensolarado, os veículos trafegam sob a orientação dos sinais de trânsito."
clima nevoeiro passadeira tempo dia pedestres carros,"Em dia, nevoeiro, os veículos trafegam enquanto os pedestres atravessam a passadeira."
veículos clima ventoso pedestres tempo noite sinais de transito,"Em noite, ventoso, os veículos trafegam enquanto os pedestres caminham pela rua sob a orientação dos sinais de trânsito."
tempo noite veículos clima nublado pedestres,"Em noite, nublado, os veículos trafegam enquanto os pedestres caminham pela rua."
tempo tarde carros peoes clima nevoeiro passadeira sinais,"Em tarde, nevoeiro, os veículos trafegam enquanto os pedestres atravessam a passadeira sob a orientação dos sinais de trânsito."
tempo tarde pedestres passadeira clima ventoso,"Em tarde, ventoso, enquanto os pedestres atravessam a passadeira."
peoes sinais de transito clima ventoso veículos tempo manhã passadeira,"Em manhã, ventoso, os veículos trafegam enquanto os pedestres atravessam a passadeira sob a orientação dos sinais de trânsito."
carros passadeira tempo dia sinais clima nublado,"Em dia, nublado, os veículos trafegam a passadeira é utilizada sob a orientação dos sinais de trânsito."
tempo manhã clima nevoeiro carros peoes passadeira,"Em manhã, nevoeiro, os veículos trafegam enquanto os pedestres atravessam a passadeira."
passadeira carros clima nevoeiro tempo dia,"Em dia, nevoeiro, os veículos trafegam a passadeira é utilizada."
peoes carros tempo noite passadeira sinais clima ensolarado,"Em noite, ensolarado, os veículos trafegam enquanto os pedestres atravessam a passadeira sob a orientação dos sinais de trânsito."
veículos sinais de transito clima nublado pedestres tempo dia passadeira,"Em dia, nublado, os veículos trafegam enquanto os pedestres atravessam a passadeira sob a orientação dos sinais de trânsito."
tempo noite pedestres carros sinais passadeira clima chuvoso,"Em noite, chuvoso, os veículos trafegam enquanto os pedestres atravessam a passadeira sob a orientação dos sinais de trânsito."
veículos clima nublado peoes tempo dia passadeira,"Em dia, nublado, os veículos trafegam enquanto os pedestres atravessam a passadeira."
sinais clima ensolarado tempo dia peoes carros passadeira,"Em dia, ensolarado, os veículos trafegam enquanto os pedestres atravessam a passadeira sob a orientação dos sinais de trânsito."
clima nublado pedestres passadeira tempo manhã carros,"Em manhã, nublado, os veículos trafegam enquanto os pedestres atravessam a passadeira."
passadeira tempo tarde clima ensolarado veículos,"Em tarde, ensolarado, os veículos trafegam a passadeira é utilizada."
tempo dia carros peoes clima chuvoso passadeira,"Em dia, chuvoso, os veículos trafegam enquanto os pedestres atravessam a passadeira."
carros clima chuvoso peoes tempo tarde passadeira,"Em tarde, chuvoso, os veículos trafegam enquanto os pedestres atravessam a passadeira."
tempo manhã clima nevoeiro,"Em manhã, nevoeiro,."
carros peoes tempo tarde clima chuvoso sinais passadeira,"Em tarde, chuvoso, os veículos trafegam enquanto os pedestres atravessam a passadeira sob a orientação dos sinais de trânsito."
veículos clima nevoeiro passadeira tempo tarde,"Em tarde, nevoeiro, os veículos trafegam a passadeira é utilizada."
clima ventoso tempo manhã pedestres veículos,"Em manhã, ventoso, os veículos trafegam enquanto os pedestres caminham pela rua."
clima nevoeiro passadeira peoes carros tempo dia sinais,"Em dia, nevoeiro, os veículos trafegam enquanto os pedestres atravessam a passadeira sob a orientação dos sinais de trânsito."
carros passadeira tempo tarde clima nublado,"Em tarde, nublado, os veículos trafegam a passadeira é utilizada."
tempo manhã sinais clima nublado carros,"Em manhã, nublado, os veículos trafegam sob a orientação dos sinais de trânsito."
veículos passadeira clima chuvoso pedestres tempo tarde sinais,"Em tarde, chuvoso, os veículos trafegam enquanto os pedestres atravessam a passadeira sob a orientação dos sinais de trânsito."
tempo tarde passadeira sinais clima nublado,"Em tarde, nublado, a passadeira é utilizada sob a orientação dos sinais de trânsito."
peoes sinais de transito carros tempo tarde clima chuvoso,"Em tarde, chuvoso, os veículos trafegam enquanto os pedestres caminham pela rua sob a orientação dos sinais de trânsito."
tempo noite veículos passadeira clima ventoso,"Em noite, ventoso, os veículos trafegam a passadeira é utilizada."
clima nublado tempo noite veículos,"Em noite, nublado, os veículos trafegam."
sinais de transito veículos tempo dia clima ventoso,"Em dia, ventoso, os veículos trafegam sob a orientação dos sinais de trânsito."
peoes clima chuvoso carros sinais de transito passadeira tempo manhã,"Em manhã, chuvoso, os veículos trafegam enquanto os pedestres atravessam a passadeira sob a orientação dos sinais de trânsito."
passadeira clima ensolarado sinais tempo manhã carros,"Em manhã, ensolarado, os veículos trafegam a passadeira é utilizada sob a orientação dos sinais de trânsito."
clima ensolarado veículos tempo manhã passadeira,"Em manhã, ensolarado, os veículos trafegam a passadeira é utilizada."
tempo tarde peoes clima ensolarado carros,"Em tarde, ensolarado, os veículos trafegam enquanto os pedestres caminham pela rua."
peoes carros tempo tarde clima ventoso sinais de transito,"Em tarde, ventoso, os veículos trafegam enquanto os pedestres caminham pela rua sob a orientação dos sinais de trânsito."
passadeira tempo tarde sinais de transito veículos clima nublado,"Em tarde, nublado, os veículos trafegam a passadeira é utilizada sob a orientação dos sinais de trânsito."
tempo tarde clima nevoeiro carros passadeira sinais,"Em tarde, nevoeiro, os veículos trafegam a passadeira é utilizada sob a orientação dos sinais de trânsito."
clima ensolarado carros passadeira pedestres tempo dia,"Em dia, ensolarado, os veículos trafegam enquanto os pedestres atravessam a passadeira."
pedestres clima ventoso sinais de transito tempo manhã veículos,"Em manhã, ventoso, os veículos trafegam enquanto os pedestres caminham pela rua sob a orientação dos sinais de trânsito."
clima nublado tempo tarde sinais peoes passadeira,"Em tarde, nublado, enquanto os pedestres atravessam a passadeira sob a orientação dos sinais de trânsito."
sinais de transito carros tempo noite clima nublado,"Em noite, nublado, os veículos trafegam sob a orientação dos sinais de trânsito."
clima nevoeiro passadeira carros tempo noite sinais de transito peoes,"Em noite, nevoeiro, os veículos trafegam enquanto os pedestres atravessam a passadeira sob a orientação dos sinais de trânsito."
clima chuvoso sinais de transito veículos tempo noite passadeira,"Em noite, chuvoso, os veículos trafegam a passadeira é utilizada sob a orientação dos sinais de trânsito."
clima ensolarado peoes passadeira tempo manhã sinais de transito veículos,"Em manhã, ensolarado, os veículos trafegam enquanto os pedestres atravessam a passadeira sob a orientação dos sinais de trânsito."
tempo noite veículos clima nublado sinais peoes passadeira,"Em noite, nublado, os veículos trafegam enquanto os pedestres atravessam a passadeira sob a orientação dos sinais de trânsito."
clima nublado passadeira carros tempo manhã sinais de transito,"Em manhã, nublado, os veículos trafegam a passadeira é utilizada sob a orientação dos sinais de trânsito."
carros clima ensolarado tempo dia,"Em dia, ensolarado, os veículos trafegam."
clima ventoso tempo tarde passadeira veículos peoes sinais de transito,"Em tarde, ventoso, os veículos trafegam enquanto os pedestres atravessam a passadeira sob a orientação dos sinais de trânsito."
tempo dia veículos passadeira clima nublado,"Em dia, nublado, os veículos trafegam a passadeira é utilizada."
carros tempo dia passadeira clima ventoso peoes,"Em dia, ventoso, os veículos trafegam enquanto os pedestres atravessam a passadeira."
sinais pedestres tempo dia clima nublado carros,"Em dia, nublado, os veículos trafegam enquanto os pedestres caminham pela rua sob a orientação dos sinais de trânsito."
peoes carros clima nevoeiro passadeira tempo manhã,"Em manhã, nevoeiro, os veículos trafegam enquanto os pedestres atravessam a passadeira."
clima chuvoso pedestres sinais de transito carros tempo tarde passadeira,"Em tarde, chuvoso, os veículos trafegam enquanto os pedestres atravessam a passadeira sob a orientação dos sinais de trânsito."
veículos clima nublado pedestres passadeira tempo tarde,"Em tarde, nublado, os veículos trafegam enquanto os pedestres atravessam a passadeira."
sinais de transito clima ensolarado carros tempo tarde passadeira,"Em tarde, ensolarado, os veículos trafegam a passadeira é utilizada sob a orientação dos sinais de trânsito."
clima ensolarado passadeira peoes tempo noite veículos sinais,"Em noite, ensolarado, os veículos trafegam enquanto os pedestres atravessam a passadeira sob a orientação dos sinais de trânsito."
tempo dia veículos clima nublado sinais de transito,"Em dia, nublado, os veículos trafegam sob a orientação dos sinais de trânsito."
pedestres tempo tarde sinais de transito clima ensolarado,"Em tarde, ensolarado, enquanto os pedestres caminham pela rua sob a orientação dos sinais de trânsito."
tempo dia veículos pedestres clima ensolarado,"Em dia, ensolarado, os veículos trafegam enquanto os pedestres caminham pela rua."
clima ensolarado sinais tempo noite veículos peoes,"Em noite, ensolarado, os veículos trafegam enquanto os pedestres caminham pela rua sob a orientação dos sinais de trânsito."
clima ensolarado tempo tarde,"Em tarde, ensolarado,."
sinais de transito peoes veículos clima ventoso tempo dia passadeira,"Em dia, ventoso, os veículos trafegam enquanto os pedestres atravessam a passadeira sob a orientação dos sinais de trânsito."
tempo tarde veículos passadeira clima ensolarado,"Em tarde, ensolarado, os veículos trafegam a passadeira é utilizada."
sinais de transito carros tempo dia clima chuvoso passadeira,"Em dia, chuvoso, os veículos trafegam a passadeira é utilizada sob a orientação dos sinais de trânsito."
clima ensolarado tempo manhã veículos,"Em manhã, ensolarado, os veículos trafegam."
tempo manhã clima chuvoso sinais de transito veículos,"Em manhã, chuvoso, os veículos trafegam sob a orientação dos sinais de trânsito."
tempo tarde carros passadeira pedestres clima nublado,"Em tarde, nublado, os veículos trafegam enquanto os pedestres atravessam a passadeira."
peoes tempo tarde carros passadeira clima chuvoso,"Em tarde, chuvoso, os veículos trafegam enquanto os pedestres atravessam a passadeira."
tempo noite sinais clima nevoeiro pedestres,"Em noite, nevoeiro, enquanto os pedestres caminham pela rua sob a orientação dos sinais de trânsito."
peoes clima nevoeiro tempo manhã passadeira sinais de transito veículos,"Em manhã, nevoeiro, os veículos trafegam enquanto os pedestres atravessam a passadeira sob a orientação dos sinais de trânsito."
clima nevoeiro veículos sinais de transito peoes tempo tarde,"Em tarde, nevoeiro, os veículos trafegam enquanto os pedestres caminham pela rua sob a orientação dos sinais de trânsito."
passadeira clima nevoeiro tempo manhã sinais carros,"Em manhã, nevoeiro, os veículos trafegam a passadeira é utilizada sob a orientação dos sinais de trânsito."
passadeira sinais de transito carros pedestres tempo tarde clima ventoso,"Em tarde, ventoso, os veículos trafegam enquanto os pedestres atravessam a passadeira sob a orientação dos sinais de trânsito."
peoes sinais clima nublado tempo manhã,"Em manhã, nublado, enquanto os pedestres caminham pela rua sob a orientação dos sinais de trânsito."
sinais clima nevoeiro pedestres passadeira tempo dia,"Em dia, nevoeiro, enquanto os pedestres atravessam a passadeira sob a orientação dos sinais de trânsito."
pedestres tempo noite carros clima ensolarado passadeira,"Em noite, ensolarado, os veículos trafegam enquanto os pedestres atravessam a passadeira."
tempo noite veículos clima chuvoso,"Em noite, chuvoso, os veículos trafegam."
clima nevoeiro veículos passadeira tempo tarde,"Em tarde, nevoeiro, os veículos trafegam a passadeira é utilizada."
clima ventoso tempo tarde carros sinais passadeira,"Em tarde, ventoso, os veículos trafegam a passadeira é utilizada sob a orientação dos sinais de trânsito."
clima ensolarado veículos passadeira tempo noite peoes,"Em noite, ensolarado, os veículos trafegam enquanto os pedestres atravessam a passadeira."
tempo manhã veículos clima ventoso,"Em manhã, ventoso, os veículos trafegam."
veículos passadeira tempo dia peoes clima nevoeiro,"Em dia, nevoeiro, os veículos trafegam enquanto os pedestres atravessam a passadeira."
peoes tempo dia carros clima ensolarado,"Em dia, ensolarado, os veículos trafegam enquanto os pedestres caminham pela rua."
sinais tempo dia veículos clima nublado pedestres,"Em dia, nublado, os veículos trafegam enquanto os pedestres caminham pela rua sob a orientação dos sinais de trânsito."
peoes tempo tarde sinais passadeira veículos clima nublado,"Em tarde, nublado, os veículos trafegam enquanto os pedestres atravessam a passadeira sob a orientação dos sinais de trânsito."
clima nevoeiro tempo manhã sinais de transito carros,"Em manhã, nevoeiro, os veículos trafegam sob a orientação dos sinais de trânsito."
clima chuvoso passadeira sinais tempo noite,"Em noite, chuvoso, a passadeira é utilizada sob a orientação dos sinais de trânsito."
carros passadeira tempo manhã sinais clima chuvoso,"Em manhã, chuvoso, os veículos trafegam a passadeira é utilizada sob a orientação dos sinais de trânsito."
veículos clima chuvoso tempo noite,"Em noite, chuvoso, os veículos trafegam."
tempo tarde clima ventoso pedestres veículos sinais de transito passadeira,"Em tarde, ventoso, os veículos trafegam enquanto os pedestres atravessam a passadeira sob a orientação dos sinais de trânsito."
clima ensolarado passadeira veículos tempo noite peoes,"Em noite, ensolarado, os veículos trafegam enquanto os pedestres atravessam a passadeira."
carros clima chuvoso pedestres tempo dia,"Em dia, chuvoso, os veículos trafegam enquanto os pedestres caminham pela rua."
tempo manhã carros passadeira sinais clima ensolarado,"Em manhã, ensolarado, os veículos trafegam a passadeira é utilizada sob a orientação dos sinais de trânsito."
carros tempo noite pedestres clima ventoso,"Em noite, ventoso, os veículos trafegam enquanto os pedestres caminham pela rua."
carros passadeira clima nevoeiro peoes tempo manhã,"Em manhã, nevoeiro, os veículos trafegam enquanto os pedestres atravessam a passadeira."
clima nublado tempo manhã carros,"Em manhã, nublado, os veículos trafegam."
tempo dia passadeira pedestres clima ensolarado carros sinais de transito,"Em dia, ensolarado, os veículos trafegam enquanto os pedestres atravessam a passadeira sob a orientação dos sinais de trânsito."
passadeira clima nublado veículos sinais pedestres tempo dia,"Em dia, nublado, os veículos trafegam enquanto os pedestres atravessam a passadeira sob a orientação dos sinais de trânsito."
tempo noite clima ensolarado pedestres,"Em noite, ensolarado, enquanto os pedestres caminham pela rua."
clima nublado peoes sinais passadeira tempo tarde,"Em tarde, nublado, enquanto os pedestres atravessam a passadeira sob a orientação dos sinais de trânsito."
pedestres clima ensolarado veículos tempo tarde sinais de transito,"Em tarde, ensolarado, os veículos trafegam enquanto os pedestres caminham pela rua sob a orientação dos sinais de trânsito."
peoes tempo tarde clima ventoso passadeira sinais de transito veículos,"Em tarde, ventoso, os veículos trafegam enquanto os pedestres atravessam a passadeira sob a orientação dos sinais de trânsito."
passadeira peoes tempo dia sinais clima chuvoso,"Em dia, chuvoso, enquanto os pedestres atravessam a passadeira sob a orientação dos sinais de trânsito."
peoes sinais de transito tempo noite passadeira clima ventoso veículos,"Em noite, ventoso, os veículos trafegam enquanto os pedestres atravessam a passadeira sob a orientação dos sinais de trânsito."
passadeira clima chuvoso carros peoes tempo noite,"Em noite, chuvoso, os veículos trafegam enquanto os pedestres atravessam a passadeira."
clima chuvoso sinais peoes tempo manhã,"Em manhã, chuvoso, enquanto os pedestres caminham pela rua sob a orientação dos sinais de trânsito."
tempo noite peoes carros clima ensolarado,"Em noite, ensolarado, os veículos trafegam enquanto os pedestres caminham pela rua."
sinais de transito tempo noite clima nevoeiro peoes veículos,"Em noite, nevoeiro, os veículos trafegam enquanto os pedestres caminham pela rua sob a orientação dos sinais de trânsito."
clima nevoeiro tempo tarde,"Em tarde, nevoeiro,."
carros sinais de transito tempo dia clima ventoso passadeira,"Em dia, ventoso, os veículos trafegam a passadeira é utilizada sob a orientação dos sinais de trânsito."
sinais tempo noite veículos passadeira clima ensolarado peoes,"Em noite, ensolarado, os veículos trafegam enquanto os pedestres atravessam a passadeira sob a orientação dos sinais de trânsito."
tempo manhã sinais clima nublado veículos peoes,"Em manhã, nublado, os veículos trafegam enquanto os pedestres caminham pela rua sob a orientação dos sinais de trânsito."
passadeira clima chuvoso carros tempo noite,"Em noite, chuvoso, os veículos trafegam a passadeira é utilizada."
clima ventoso tempo manhã carros,"Em manhã, ventoso, os veículos trafegam."
passadeira pedestres tempo manhã clima chuvoso,"Em manhã, chuvoso, enquanto os pedestres atravessam a passadeira."
tempo manhã clima ventoso sinais pedestres,"Em manhã, ventoso, enquanto os pedestres caminham pela rua sob a orientação dos sinais de trânsito."
pedestres tempo tarde clima chuvoso veículos passadeira,"Em tarde, chuvoso, os veículos trafegam enquanto os pedestres atravessam a passadeira."
carros passadeira sinais pedestres clima ventoso tempo noite,"Em noite, ventoso, os veículos trafegam enquanto os pedestres atravessam a passadeira sob a orientação dos sinais de trânsito."
sinais de transito carros tempo noite passadeira clima ventoso pedestres,"Em noite, ventoso, os veículos trafegam enquanto os pedestres atravessam a passadeira sob a orientação dos sinais de trânsito."
tempo dia clima chuvoso passadeira peoes,"Em dia, chuvoso, enquanto os pedestres atravessam a passadeira."
clima ventoso tempo dia peoes veículos,"Em dia, ventoso, os veículos trafegam enquanto os pedestres caminham pela rua."
clima chuvoso veículos passadeira peoes tempo manhã,"Em manhã, chuvoso, os veículos trafegam enquanto os pedestres atravessam a passadeira."
sinais de transito tempo tarde veículos clima nevoeiro peoes,"Em tarde, nevoeiro, os veículos trafegam enquanto os pedestres caminham pela rua sob a orientação dos sinais de trânsito."
passadeira peoes tempo dia veículos clima ensolarado,"Em dia, ensolarado, os veículos trafegam enquanto os pedestres atravessam a passadeira."
veículos passadeira clima chuvoso tempo dia,"Em dia, chuvoso, os veículos trafegam a passadeira é utilizada."
sinais tempo dia passadeira peoes clima ensolarado,"Em dia, ensolarado, enquanto os pedestres atravessam a passadeira sob a orientação dos sinais de trânsito."
passadeira sinais de transito clima nublado tempo tarde pedestres veículos,"Em tarde, nublado, os veículos trafegam enquanto os pedestres atravessam a passadeira sob a orientação dos sinais de trânsito."
peoes passadeira carros clima ventoso tempo tarde,"Em tarde, ventoso, os veículos trafegam enquanto os pedestres atravessam a passadeira."
peoes passadeira tempo tarde carros clima ensolarado,"Em tarde, ensolarado, os veículos trafegam enquanto os pedestres atravessam a passadeira."
veículos pedestres tempo dia passadeira clima nublado sinais,"Em dia, nublado, os veículos trafegam enquanto os pedestres atravessam a passadeira sob a orientação dos sinais de trânsito."
peoes tempo tarde clima chuvoso carros,"Em tarde, chuvoso, os veículos trafegam enquanto os pedestres caminham pela rua."
carros pedestres tempo noite clima ensolarado,"Em noite, ensolarado, os veículos trafegam enquanto os pedestres caminham pela rua."
clima nublado tempo manhã veículos passadeira,"Em manhã, nublado, os veículos trafegam a passadeira é utilizada."
passadeira clima ensolarado carros tempo manhã pedestres,"Em manhã, ensolarado, os veículos trafegam enquanto os pedestres atravessam a passadeira."
tempo dia carros clima nublado pedestres passadeira,"Em dia, nublado, os veículos trafegam enquanto os pedestres atravessam a passadeira."
peoes tempo manhã clima chuvoso veículos passadeira,"Em manhã, chuvoso, os veículos trafegam enquanto os pedestres atravessam a passadeira."
peoes clima chuvoso carros sinais de transito tempo tarde passadeira,"Em tarde, chuvoso, os veículos trafegam enquanto os pedestres atravessam a passadeira sob a orientação dos sinais de trânsito."
tempo dia pedestres clima chuvoso veículos,"Em dia, chuvoso, os veículos trafegam enquanto os pedestres caminham pela rua."
tempo manhã clima ensolarado passadeira veículos,"Em manhã, ensolarado, os veículos trafegam a passadeira é utilizada."
veículos peoes tempo tarde clima nevoeiro,"Em tarde, nevoeiro, os veículos trafegam enquanto os pedestres caminham pela rua."
carros clima nevoeiro passadeira pedestres tempo noite,"Em noite, nevoeiro, os veículos trafegam enquanto os pedestres atravessam a passadeira."
carros tempo noite clima nublado,"Em noite, nublado, os veículos trafegam."
peoes passadeira tempo tarde veículos clima ventoso,"Em tarde, ventoso, os veículos trafegam enquanto os pedestres atravessam a passadeira."
tempo tarde passadeira clima nevoeiro carros peoes,"Em tarde, nevoeiro, os veículos trafegam enquanto os pedestres atravessam a passadeira."
passadeira veículos tempo tarde sinais de transito clima ventoso,"Em tarde, ventoso, os veículos trafegam a passadeira é utilizada sob a orientação dos sinais de trânsito."
clima chuvoso sinais tempo tarde,"Em tarde, chuvoso, sob a orientação dos sinais de trânsito."
sinais de transito peoes veículos passadeira tempo dia clima nublado,"Em dia, nublado, os veículos trafegam enquanto os pedestres atravessam a passadeira sob a orientação dos sinais de trânsito."
clima ventoso peoes tempo tarde passadeira,"Em tarde, ventoso, enquanto os pedestres atravessam a passadeira."
passadeira sinais carros clima nevoeiro peoes tempo tarde,"Em tarde, nevoeiro, os veículos trafegam enquanto os pedestres atravessam a passadeira sob a orientação dos sinais de trânsito."
tempo dia sinais clima ensolarado passadeira veículos,"Em dia, ensolarado, os veículos trafegam a passadeira é utilizada sob a orientação dos sinais de trânsito."
tempo dia clima nevoeiro peoes sinais de transito veículos,"Em dia, nevoeiro, os veículos trafegam enquanto os pedestres caminham pela rua sob a orientação dos sinais de trânsito."
tempo tarde passadeira veículos clima ensolarado,"Em tarde, ensolarado, os veículos trafegam a passadeira é utilizada."
tempo noite carros passadeira clima ensolarado,"Em noite, ensolarado, os veículos trafegam a passadeira é utilizada."
tempo noite clima nublado sinais de transito veículos,"Em noite, nublado, os veículos trafegam sob a orientação dos sinais de trânsito."
sinais de transito passadeira pedestres tempo noite carros clima ventoso,"Em noite, ventoso, os veículos trafegam enquanto os pedestres atravessam a passadeira sob a orientação dos sinais de trânsito."
tempo dia peoes veículos passadeira clima ensolarado,"Em dia, ensolarado, os veículos trafegam enquanto os pedestres atravessam a passadeira."
passadeira tempo tarde carros pedestres clima chuvoso,"Em tarde, chuvoso, os veículos trafegam enquanto os pedestres atravessam a passadeira."
tempo tarde passadeira clima chuvoso peoes,"Em tarde, chuvoso, enquanto os pedestres atravessam a passadeira."
peoes carros passadeira clima ensolarado tempo tarde sinais de transito,"Em tarde, ensolarado, os veículos trafegam enquanto os pedestres atravessam a passadeira sob a orientação dos sinais de trânsito."
peoes veículos passadeira clima nevoeiro tempo noite,"Em noite, nevoeiro, os veículos trafegam enquanto os pedestres atravessam a passadeira."
tempo tarde pedestres veículos clima ventoso passadeira,"Em tarde, ventoso, os veículos trafegam enquanto os pedestres atravessam a passadeira."
clima chuvoso tempo tarde pedestres passadeira veículos,"Em tarde, chuvoso, os veículos trafegam enquanto os pedestres atravessam a passadeira."
tempo manhã sinais clima nublado passadeira,"Em manhã, nublado, a passadeira é utilizada sob a orientação dos sinais de trânsito."
carros peoes clima ventoso tempo tarde,"Em tarde, ventoso, os veículos trafegam enquanto os pedestres caminham pela rua."
clima chuvoso veículos tempo manhã passadeira sinais,"Em manhã, chuvoso, os veículos trafegam a passadeira é utilizada sob a orientação dos sinais de trânsito."
tempo manhã clima chuvoso,"Em manhã, chuvoso,."
sinais de transito passadeira carros pedestres clima nublado tempo dia,"Em dia, nublado, os veículos trafegam enquanto os pedestres atravessam a passadeira sob a orientação dos sinais de trânsito."
clima nublado pedestres veículos sinais tempo manhã passadeira,"Em manhã, nublado, os veículos trafegam enquanto os pedestres atravessam a passadeira sob a orientação dos sinais de trânsito."
tempo tarde passadeira carros clima nevoeiro sinais peoes,"Em tarde, nevoeiro, os veículos trafegam enquanto os pedestres atravessam a passadeira sob a orientação dos sinais de trânsito."
clima chuvoso tempo manhã carros sinais de transito passadeira,"Em manhã, chuvoso, os veículos trafegam a passadeira é utilizada sob a orientação dos sinais de trânsito."
clima nublado pedestres sinais tempo dia,"Em dia, nublado, enquanto os pedestres caminham pela rua sob a orientação dos sinais de trânsito."
carros tempo dia passadeira clima chuvoso,"Em dia, chuvoso, os veículos trafegam a passadeira é utilizada."
tempo noite sinais de transito clima nevoeiro veículos,"Em noite, nevoeiro, os veículos trafegam sob a orientação dos sinais de trânsito."
carros sinais clima ventoso passadeira tempo dia peoes,"Em dia, ventoso, os veículos trafegam enquanto os pedestres atravessam a passadeira sob a orientação dos sinais de trânsito."
passadeira carros peoes sinais tempo noite clima ensolarado,"Em noite, ensolarado, os veículos trafegam enquanto os pedestres atravessam a passadeira sob a orientação dos sinais de trânsito."
tempo manhã carros clima ventoso,"Em manhã, ventoso, os veículos trafegam."
veículos pedestres sinais clima nublado tempo tarde,"Em tarde, nublado, os veículos trafegam enquanto os pedestres caminham pela rua sob a orientação dos sinais de trânsito."
sinais clima nublado veículos passadeira pedestres tempo manhã,"Em manhã, nublado, os veículos trafegam enquanto os pedestres atravessam a passadeira sob a orientação dos sinais de trânsito."
clima ventoso peoes veículos tempo noite,"Em noite, ventoso, os veículos trafegam enquanto os pedestres caminham pela rua."
pedestres tempo noite passadeira carros clima chuvoso,"Em noite, chuvoso, os veículos trafegam enquanto os pedestres atravessam a passadeira."
clima chuvoso veículos passadeira peoes tempo noite,"Em noite, chuvoso, os veículos trafegam enquanto os pedestres atravessam a passadeira."
tempo manhã carros pedestres clima nevoeiro passadeira,"Em manhã, nevoeiro, os veículos trafegam enquanto os pedestres atravessam a passadeira."
clima ensolarado carros tempo noite,"Em noite, ensolarado, os veículos trafegam."
veículos tempo dia clima ventoso sinais pedestres,"Em dia, ventoso, os veículos trafegam enquanto os pedestres caminham pela rua sob a orientação dos sinais de trânsito."
sinais de transito passadeira clima ensolarado veículos tempo noite,"Em noite, ensolarado, os veículos trafegam a passadeira é utilizada sob a orientação dos sinais de trânsito."
carros tempo manhã passadeira sinais de transito clima ensolarado pedestres,"Em manhã, ensolarado, os veículos trafegam enquanto os pedestres atravessam a passadeira sob a orientação dos sinais de trânsito."
veículos passadeira clima nevoeiro tempo manhã peoes,"Em manhã, nevoeiro, os veículos trafegam enquanto os pedestres atravessam a passadeira."
tempo noite carros sinais de transito clima nublado passadeira,"Em noite, nublado, os veículos trafegam a passadeira é utilizada sob a orientação dos sinais de trânsito."
sinais veículos passadeira peoes tempo manhã clima nevoeiro,"Em manhã, nevoeiro, os veículos trafegam enquanto os pedestres atravessam a passadeira sob a orientação dos sinais de trânsito."
tempo noite clima chuvoso sinais de transito carros,"Em noite, chuvoso, os veículos trafegam sob a orientação dos sinais de trânsito."
tempo noite carros clima chuvoso sinais de transito pedestres,"Em noite, chuvoso, os veículos trafegam enquanto os pedestres caminham pela rua sob a orientação dos sinais de trânsito."
tempo tarde peoes clima nublado carros passadeira,"Em tarde, nublado, os veículos trafegam enquanto os pedestres atravessam a passadeira."
clima ventoso tempo tarde veículos sinais de transito,"Em tarde, ventoso, os veículos trafegam sob a orientação dos sinais de trânsito."
clima nevoeiro carros passadeira tempo tarde peoes,"Em tarde, nevoeiro, os veículos trafegam enquanto os pedestres atravessam a passadeira."
clima nevoeiro carros tempo tarde,"Em tarde, nevoeiro, os veículos trafegam."
passadeira tempo tarde clima ensolarado,"Em tarde, ensolarado, a passadeira é utilizada."
pedestres veículos sinais tempo dia clima nevoeiro,"Em dia, nevoeiro, os veículos trafegam enquanto os pedestres caminham pela rua sob a orientação dos sinais de trânsito."
clima ventoso tempo noite peoes passadeira veículos,"Em noite, ventoso, os veículos trafegam enquanto os pedestres atravessam a passadeira."
pedestres carros sinais clima chuvoso tempo tarde,"Em tarde, chuvoso, os veículos trafegam enquanto os pedestres caminham pela rua sob a orientação dos sinais de trânsito."
sinais de transito tempo tarde clima chuvoso,"Em tarde, chuvoso, sob a orientação dos sinais de trânsito."
veículos passadeira clima ventoso sinais tempo manhã,"Em manhã, ventoso, os veículos trafegam a passadeira é utilizada sob a orientação dos sinais de trânsito."
sinais de transito tempo noite passadeira veículos clima nevoeiro,"Em noite, nevoeiro, os veículos trafegam a passadeira é utilizada sob a orientação dos sinais de trânsito."
carros pedestres tempo tarde passadeira clima ventoso,"Em tarde, ventoso, os veículos trafegam enquanto os pedestres atravessam a passadeira."
tempo manhã peoes sinais de transito carros clima nevoeiro,"Em manhã, nevoeiro, os veículos trafegam enquanto os pedestres caminham pela rua sob a orientação dos sinais de trânsito."
sinais clima chuvoso carros passadeira tempo manhã,"Em manhã, chuvoso, os veículos trafegam a passadeira é utilizada sob a orientação dos sinais de trânsito."
carros passadeira tempo manhã clima nublado,"Em manhã, nublado, os veículos trafegam a passadeira é utilizada."
veículos passadeira clima ventoso tempo manhã sinais de transito peoes,"Em manhã, ventoso, os veículos trafegam enquanto os pedestres atravessam a passadeira sob a orientação dos sinais de trânsito."
peoes tempo manhã sinais de transito clima ventoso carros,"Em manhã, ventoso, os veículos trafegam enquanto os pedestres caminham pela rua sob a orientação dos sinais de trânsito."
clima nevoeiro tempo noite passadeira sinais,"Em noite, nevoeiro, a passadeira é utilizada sob a orientação dos sinais de trânsito."
passadeira tempo noite veículos pedestres clima nublado,"Em noite, nublado, os veículos trafegam enquanto os pedestres atravessam a passadeira."
pedestres clima nublado veículos tempo noite,"Em noite, nublado, os veículos trafegam enquanto os pedestres caminham pela rua."
clima nevoeiro tempo tarde peoes,"Em tarde, nevoeiro, enquanto os pedestres caminham pela rua."
veículos clima ventoso tempo noite,"Em noite, ventoso, os veículos trafegam."
clima ensolarado sinais tempo manhã carros passadeira pedestres,"Em manhã, ensolarado, os veículos trafegam enquanto os pedestres atravessam a passadeira sob a orientação dos sinais de trânsito."
carros clima nublado pedestres tempo noite,"Em noite, nublado, os veículos trafegam enquanto os pedestres caminham pela rua."
tempo noite clima chuvoso veículos pedestres passadeira,"Em noite, chuvoso, os veículos trafegam enquanto os pedestres atravessam a passadeira."
pedestres carros clima ventoso tempo noite,"Em noite, ventoso, os veículos trafegam enquanto os pedestres caminham pela rua."
passadeira tempo manhã clima ensolarado sinais carros,"Em manhã, ensolarado, os veículos trafegam a passadeira é utilizada sob a orientação dos sinais de trânsito."
veículos passadeira clima ventoso pedestres tempo tarde,"Em tarde, ventoso, os veículos trafegam enquanto os pedestres atravessam a passadeira."
tempo manhã clima nevoeiro peoes carros,"Em manhã, nevoeiro, os veículos trafegam enquanto os pedestres caminham pela rua."
sinais veículos clima ventoso passadeira tempo noite,"Em noite, ventoso, os veículos trafegam a passadeira é utilizada sob a orientação dos sinais de trânsito."
clima nevoeiro veículos peoes sinais tempo tarde passadeira,"Em tarde, nevoeiro, os veículos trafegam enquanto os pedestres atravessam a passadeira sob a orientação dos sinais de trânsito."
tempo noite sinais pedestres clima ensolarado veículos passadeira,"Em noite, ensolarado, os veículos trafegam enquanto os pedestres atravessam a passadeira sob a orientação dos sinais de trânsito."
tempo tarde passadeira sinais de transito carros clima ensolarado,"Em tarde, ensolarado, os veículos trafegam a passadeira é utilizada sob a orientação dos sinais de trânsito."
sinais peoes carros clima nublado tempo manhã passadeira,"Em manhã, nublado, os veículos trafegam enquanto os pedestres atravessam a passadeira sob a orientação dos sinais de trânsito."
pedestres clima chuvoso tempo tarde carros sinais,"Em tarde, chuvoso, os veículos trafegam enquanto os pedestres caminham pela rua sob a orientação dos sinais de trânsito."
carros clima nublado tempo dia,"Em dia, nublado, os veículos trafegam."
sinais clima ventoso veículos tempo manhã passadeira,"Em manhã, ventoso, os veículos trafegam a passadeira é utilizada sob a orientação dos sinais de trânsito."
veículos passadeira tempo noite clima ventoso,"Em noite, ventoso, os veículos trafegam a passadeira é utilizada."
tempo noite sinais de transito passadeira carros peoes clima ventoso,"Em noite, ventoso, os veículos trafegam enquanto os pedestres atravessam a passadeira sob a orientação dos sinais de trânsito."
passadeira carros clima ventoso sinais de transito peoes tempo manhã,"Em manhã, ventoso, os veículos trafegam enquanto os pedestres atravessam a passadeira sob a orientação dos sinais de trânsito."
clima nublado tempo dia carros,"Em dia, nublado, os veículos trafegam."
passadeira tempo tarde clima nublado veículos peoes,"Em tarde, nublado, os veículos trafegam enquanto os pedestres atravessam a passadeira."
tempo noite clima nublado carros sinais pedestres passadeira,"Em noite, nublado, os veículos trafegam enquanto os pedestres atravessam a passadeira sob a orientação dos sinais de trânsito."
tempo noite clima nevoeiro peoes sinais de transito veículos passadeira,"Em noite, nevoeiro, os veículos trafegam enquanto os pedestres atravessam a passadeira sob a orientação dos sinais de trânsito."
clima ensolarado pedestres veículos passadeira tempo dia,"Em dia, ensolarado, os veículos trafegam enquanto os pedestres atravessam a passadeira."
pedestres passadeira sinais de transito carros clima chuvoso tempo noite,"Em noite, chuvoso, os veículos trafegam enquanto os pedestres atravessam a passadeira sob a orientação dos sinais de trânsito."
tempo tarde veículos passadeira clima ensolarado pedestres,"Em tarde, ensolarado, os veículos trafegam enquanto os pedestres atravessam a passadeira."
clima ventoso tempo noite passadeira,"Em noite, ventoso, a passadeira é utilizada."
clima nublado tempo tarde veículos passadeira sinais de transito,"Em tarde, nublado, os veículos trafegam a passadeira é utilizada sob a orientação dos sinais de trânsito."
veículos pedestres tempo dia passadeira clima ventoso,"Em dia, ventoso, os veículos trafegam enquanto os pedestres atravessam a passadeira."
clima ensolarado pedestres tempo dia passadeira carros,"Em dia, ensolarado, os veículos trafegam enquanto os pedestres atravessam a passadeira."
peoes tempo tarde sinais de transito clima nevoeiro carros passadeira,"Em tarde, nevoeiro, os veículos trafegam enquanto os pedestres atravessam a passadeira sob a orientação dos sinais de trânsito."
passadeira carros peoes clima nevoeiro tempo dia,"Em dia, nevoeiro, os veículos trafegam enquanto os pedestres atravessam a passadeira."
peoes tempo tarde carros passadeira clima ensolarado,"Em tarde, ensolarado, os veículos trafegam enquanto os pedestres atravessam a passadeira."
sinais de transito clima ventoso tempo dia carros pedestres,"Em dia, ventoso, os veículos trafegam enquanto os pedestres caminham pela rua sob a orientação dos sinais de trânsito."
sinais pedestres tempo dia clima nublado,"Em dia, nublado, enquanto os pedestres caminham pela rua sob a orientação dos sinais de trânsito."
passadeira sinais de transito clima ensolarado pedestres tempo manhã,"Em manhã, ensolarado, enquanto os pedestres atravessam a passadeira sob a orientação dos sinais de trânsito."
pedestres tempo manhã veículos clima chuvoso,"Em manhã, chuvoso, os veículos trafegam enquanto os pedestres caminham pela rua."
passadeira peoes carros clima nevoeiro tempo noite,"Em noite, nevoeiro, os veículos trafegam enquanto os pedestres atravessam a passadeira."
tempo noite sinais de transito clima nublado carros,"Em noite, nublado, os veículos trafegam sob a orientação dos sinais de trânsito."
sinais clima nevoeiro tempo dia,"Em dia, nevoeiro, sob a orientação dos sinais de trânsito."
clima nevoeiro veículos tempo noite,"Em noite, nevoeiro, os veículos trafegam."
peoes tempo manhã passadeira sinais de transito clima nevoeiro carros,"Em manhã, nevoeiro, os veículos trafegam enquanto os pedestres atravessam a passadeira sob a orientação dos sinais de trânsito."
peoes sinais clima nublado passadeira tempo noite,"Em noite, nublado, enquanto os pedestres atravessam a passadeira sob a orientação dos sinais de trânsito."
carros tempo manhã pedestres clima ensolarado,"Em manhã, ensolarado, os veículos trafegam enquanto os pedestres caminham pela rua."
tempo manhã pedestres carros passadeira clima ensolarado,"Em manhã, ensolarado, os veículos trafegam enquanto os pedestres atravessam a passadeira."
pedestres tempo dia passadeira clima nevoeiro veículos,"Em dia, nevoeiro, os veículos trafegam enquanto os pedestres atravessam a passadeira."
clima ventoso veículos peoes tempo noite passadeira,"Em noite, ventoso, os veículos trafegam enquanto os pedestres atravessam a passadeira."
carros clima nevoeiro tempo noite passadeira sinais,"Em noite, nevoeiro, os veículos trafegam a passadeira é utilizada sob a orientação dos sinais de trânsito."
peoes clima nevoeiro veículos tempo dia,"Em dia, nevoeiro, os veículos trafegam enquanto os pedestres caminham pela rua."
veículos clima ventoso peoes passadeira tempo noite,"Em noite, ventoso, os veículos trafegam enquanto os pedestres atravessam a passadeira."
clima nublado sinais de transito peoes tempo tarde,"Em tarde, nublado, enquanto os pedestres caminham pela rua sob a orientação dos sinais de trânsito."
